C:\Users\cttc\Desktop\anu\IMG\center_2019_08_01_16_29_57_292.jpg,C:\Users\cttc\Desktop\anu\IMG\left_2019_08_01_16_29_57_292.jpg,C:\Users\cttc\Desktop\anu\IMG\right_2019_08_01_16_29_57_292.jpg,0,0,0,7.453168E-06
C:\Users\cttc\Desktop\anu\IMG\center_2019_08_01_16_29_57_420.jpg,C:\Users\cttc\Desktop\anu\IMG\left_2019_08_01_16_29_57_420.jpg,C:\Users\cttc\Desktop\anu\IMG\right_2019_08_01_16_29_57_420.jpg,0,0,0,6.05883E-07
C:\Users\cttc\Desktop\anu\IMG\center_2019_08_01_16_29_57_547.jpg,C:\Users\cttc\Desktop\anu\IMG\left_2019_08_01_16_29_57_547.jpg,C:\Users\cttc\Desktop\anu\IMG\right_2019_08_01_16_29_57_547.jpg,0,0,0,4.382156E-07
C:\Users\cttc\Desktop\anu\IMG\center_2019_08_01_16_29_57_614.jpg,C:\Users\cttc\Desktop\anu\IMG\left_2019_08_01_16_29_57_614.jpg,C:\Users\cttc\Desktop\anu\IMG\right_2019_08_01_16_29_57_614.jpg,0,0,0,3.998562E-06
C:\Users\cttc\Desktop\anu\IMG\center_2019_08_01_16_29_57_740.jpg,C:\Users\cttc\Desktop\anu\IMG\left_2019_08_01_16_29_57_740.jpg,C:\Users\cttc\Desktop\anu\IMG\right_2019_08_01_16_29_57_740.jpg,0,0,0,1.383069E-06
C:\Users\cttc\Desktop\anu\IMG\center_2019_08_01_16_29_57_866.jpg,C:\Users\cttc\Desktop\anu\IMG\left_2019_08_01_16_29_57_866.jpg,C:\Users\cttc\Desktop\anu\IMG\right_2019_08_01_16_29_57_866.jpg,0,0,0,1.895824E-05
C:\Users\cttc\Desktop\anu\IMG\center_2019_08_01_16_29_57_997.jpg,C:\Users\cttc\Desktop\anu\IMG\left_2019_08_01_16_29_57_997.jpg,C:\Users\cttc\Desktop\anu\IMG\right_2019_08_01_16_29_57_997.jpg,0,0,0,7.894748E-06
C:\Users\cttc\Desktop\anu\IMG\center_2019_08_01_16_29_58_065.jpg,C:\Users\cttc\Desktop\anu\IMG\left_2019_08_01_16_29_58_065.jpg,C:\Users\cttc\Desktop\anu\IMG\right_2019_08_01_16_29_58_065.jpg,0,0,0,1.33696E-05
C:\Users\cttc\Desktop\anu\IMG\center_2019_08_01_16_29_58_187.jpg,C:\Users\cttc\Desktop\anu\IMG\left_2019_08_01_16_29_58_187.jpg,C:\Users\cttc\Desktop\anu\IMG\right_2019_08_01_16_29_58_187.jpg,0,0,0,8.340729E-06
C:\Users\cttc\Desktop\anu\IMG\center_2019_08_01_16_29_58_257.jpg,C:\Users\cttc\Desktop\anu\IMG\left_2019_08_01_16_29_58_257.jpg,C:\Users\cttc\Desktop\anu\IMG\right_2019_08_01_16_29_58_257.jpg,0,0,0,1.507802E-05
C:\Users\cttc\Desktop\anu\IMG\center_2019_08_01_16_29_58_382.jpg,C:\Users\cttc\Desktop\anu\IMG\left_2019_08_01_16_29_58_382.jpg,C:\Users\cttc\Desktop\anu\IMG\right_2019_08_01_16_29_58_382.jpg,0,0,0,2.182982E-06
C:\Users\cttc\Desktop\anu\IMG\center_2019_08_01_16_29_58_448.jpg,C:\Users\cttc\Desktop\anu\IMG\left_2019_08_01_16_29_58_448.jpg,C:\Users\cttc\Desktop\anu\IMG\right_2019_08_01_16_29_58_448.jpg,0,0,0,1.563146E-05
C:\Users\cttc\Desktop\anu\IMG\center_2019_08_01_16_29_58_576.jpg,C:\Users\cttc\Desktop\anu\IMG\left_2019_08_01_16_29_58_576.jpg,C:\Users\cttc\Desktop\anu\IMG\right_2019_08_01_16_29_58_576.jpg,0,0,0,1.386864E-05
C:\Users\cttc\Desktop\anu\IMG\center_2019_08_01_16_29_58_703.jpg,C:\Users\cttc\Desktop\anu\IMG\left_2019_08_01_16_29_58_703.jpg,C:\Users\cttc\Desktop\anu\IMG\right_2019_08_01_16_29_58_703.jpg,0,0,0,2.029096E-05
C:\Users\cttc\Desktop\anu\IMG\center_2019_08_01_16_29_58_832.jpg,C:\Users\cttc\Desktop\anu\IMG\left_2019_08_01_16_29_58_832.jpg,C:\Users\cttc\Desktop\anu\IMG\right_2019_08_01_16_29_58_832.jpg,0,0,0,4.195461E-06
C:\Users\cttc\Desktop\anu\IMG\center_2019_08_01_16_29_58_899.jpg,C:\Users\cttc\Desktop\anu\IMG\left_2019_08_01_16_29_58_899.jpg,C:\Users\cttc\Desktop\anu\IMG\right_2019_08_01_16_29_58_899.jpg,0,0,0,1.33699E-05
C:\Users\cttc\Desktop\anu\IMG\center_2019_08_01_16_29_59_027.jpg,C:\Users\cttc\Desktop\anu\IMG\left_2019_08_01_16_29_59_027.jpg,C:\Users\cttc\Desktop\anu\IMG\right_2019_08_01_16_29_59_027.jpg,0,0,0,6.320729E-06
C:\Users\cttc\Desktop\anu\IMG\center_2019_08_01_16_29_59_153.jpg,C:\Users\cttc\Desktop\anu\IMG\left_2019_08_01_16_29_59_153.jpg,C:\Users\cttc\Desktop\anu\IMG\right_2019_08_01_16_29_59_153.jpg,0,0,0,4.268136E-06
C:\Users\cttc\Desktop\anu\IMG\center_2019_08_01_16_29_59_222.jpg,C:\Users\cttc\Desktop\anu\IMG\left_2019_08_01_16_29_59_222.jpg,C:\Users\cttc\Desktop\anu\IMG\right_2019_08_01_16_29_59_222.jpg,0,0,0,1.177687E-05
C:\Users\cttc\Desktop\anu\IMG\center_2019_08_01_16_29_59_348.jpg,C:\Users\cttc\Desktop\anu\IMG\left_2019_08_01_16_29_59_348.jpg,C:\Users\cttc\Desktop\anu\IMG\right_2019_08_01_16_29_59_348.jpg,0,0,0,1.902586E-05
C:\Users\cttc\Desktop\anu\IMG\center_2019_08_01_16_29_59_473.jpg,C:\Users\cttc\Desktop\anu\IMG\left_2019_08_01_16_29_59_473.jpg,C:\Users\cttc\Desktop\anu\IMG\right_2019_08_01_16_29_59_473.jpg,0,0,0,1.114272E-05
C:\Users\cttc\Desktop\anu\IMG\center_2019_08_01_16_29_59_602.jpg,C:\Users\cttc\Desktop\anu\IMG\left_2019_08_01_16_29_59_602.jpg,C:\Users\cttc\Desktop\anu\IMG\right_2019_08_01_16_29_59_602.jpg,0,0,0,3.073591E-06
C:\Users\cttc\Desktop\anu\IMG\center_2019_08_01_16_29_59_731.jpg,C:\Users\cttc\Desktop\anu\IMG\left_2019_08_01_16_29_59_731.jpg,C:\Users\cttc\Desktop\anu\IMG\right_2019_08_01_16_29_59_731.jpg,0,0,0,3.201872E-06
C:\Users\cttc\Desktop\anu\IMG\center_2019_08_01_16_29_59_859.jpg,C:\Users\cttc\Desktop\anu\IMG\left_2019_08_01_16_29_59_859.jpg,C:\Users\cttc\Desktop\anu\IMG\right_2019_08_01_16_29_59_859.jpg,0,0,0,9.848861E-06
C:\Users\cttc\Desktop\anu\IMG\center_2019_08_01_16_29_59_991.jpg,C:\Users\cttc\Desktop\anu\IMG\left_2019_08_01_16_29_59_991.jpg,C:\Users\cttc\Desktop\anu\IMG\right_2019_08_01_16_29_59_991.jpg,0,0,0,4.891298E-07
C:\Users\cttc\Desktop\anu\IMG\center_2019_08_01_16_30_00_116.jpg,C:\Users\cttc\Desktop\anu\IMG\left_2019_08_01_16_30_00_116.jpg,C:\Users\cttc\Desktop\anu\IMG\right_2019_08_01_16_30_00_116.jpg,0,0,0,3.244328E-06
C:\Users\cttc\Desktop\anu\IMG\center_2019_08_01_16_30_00_247.jpg,C:\Users\cttc\Desktop\anu\IMG\left_2019_08_01_16_30_00_247.jpg,C:\Users\cttc\Desktop\anu\IMG\right_2019_08_01_16_30_00_247.jpg,0,0,0,8.891891E-06
C:\Users\cttc\Desktop\anu\IMG\center_2019_08_01_16_30_00_375.jpg,C:\Users\cttc\Desktop\anu\IMG\left_2019_08_01_16_30_00_375.jpg,C:\Users\cttc\Desktop\anu\IMG\right_2019_08_01_16_30_00_375.jpg,0,0,0,3.540225E-06
C:\Users\cttc\Desktop\anu\IMG\center_2019_08_01_16_30_00_443.jpg,C:\Users\cttc\Desktop\anu\IMG\left_2019_08_01_16_30_00_443.jpg,C:\Users\cttc\Desktop\anu\IMG\right_2019_08_01_16_30_00_443.jpg,0,0,0,4.015343E-06
C:\Users\cttc\Desktop\anu\IMG\center_2019_08_01_16_30_00_568.jpg,C:\Users\cttc\Desktop\anu\IMG\left_2019_08_01_16_30_00_568.jpg,C:\Users\cttc\Desktop\anu\IMG\right_2019_08_01_16_30_00_568.jpg,0,0,0,1.30421E-05
C:\Users\cttc\Desktop\anu\IMG\center_2019_08_01_16_30_00_696.jpg,C:\Users\cttc\Desktop\anu\IMG\left_2019_08_01_16_30_00_696.jpg,C:\Users\cttc\Desktop\anu\IMG\right_2019_08_01_16_30_00_696.jpg,0,0,0,1.507493E-05
C:\Users\cttc\Desktop\anu\IMG\center_2019_08_01_16_30_00_827.jpg,C:\Users\cttc\Desktop\anu\IMG\left_2019_08_01_16_30_00_827.jpg,C:\Users\cttc\Desktop\anu\IMG\right_2019_08_01_16_30_00_827.jpg,0,0,0,5.184305E-06
C:\Users\cttc\Desktop\anu\IMG\center_2019_08_01_16_30_00_953.jpg,C:\Users\cttc\Desktop\anu\IMG\left_2019_08_01_16_30_00_953.jpg,C:\Users\cttc\Desktop\anu\IMG\right_2019_08_01_16_30_00_953.jpg,0,0,0,8.023891E-06
C:\Users\cttc\Desktop\anu\IMG\center_2019_08_01_16_30_01_083.jpg,C:\Users\cttc\Desktop\anu\IMG\left_2019_08_01_16_30_01_083.jpg,C:\Users\cttc\Desktop\anu\IMG\right_2019_08_01_16_30_01_083.jpg,0,0,0,1.673186E-05
C:\Users\cttc\Desktop\anu\IMG\center_2019_08_01_16_30_01_212.jpg,C:\Users\cttc\Desktop\anu\IMG\left_2019_08_01_16_30_01_212.jpg,C:\Users\cttc\Desktop\anu\IMG\right_2019_08_01_16_30_01_212.jpg,0,0,0,2.693857E-05
C:\Users\cttc\Desktop\anu\IMG\center_2019_08_01_16_30_01_339.jpg,C:\Users\cttc\Desktop\anu\IMG\left_2019_08_01_16_30_01_339.jpg,C:\Users\cttc\Desktop\anu\IMG\right_2019_08_01_16_30_01_339.jpg,0,0,0,1.872719E-05
C:\Users\cttc\Desktop\anu\IMG\center_2019_08_01_16_30_01_466.jpg,C:\Users\cttc\Desktop\anu\IMG\left_2019_08_01_16_30_01_466.jpg,C:\Users\cttc\Desktop\anu\IMG\right_2019_08_01_16_30_01_466.jpg,0,0,0,5.894242E-07
C:\Users\cttc\Desktop\anu\IMG\center_2019_08_01_16_30_01_598.jpg,C:\Users\cttc\Desktop\anu\IMG\left_2019_08_01_16_30_01_598.jpg,C:\Users\cttc\Desktop\anu\IMG\right_2019_08_01_16_30_01_598.jpg,0,0,0,1.058981E-05
C:\Users\cttc\Desktop\anu\IMG\center_2019_08_01_16_30_01_723.jpg,C:\Users\cttc\Desktop\anu\IMG\left_2019_08_01_16_30_01_723.jpg,C:\Users\cttc\Desktop\anu\IMG\right_2019_08_01_16_30_01_723.jpg,0,0,0,1.886019E-05
C:\Users\cttc\Desktop\anu\IMG\center_2019_08_01_16_30_01_847.jpg,C:\Users\cttc\Desktop\anu\IMG\left_2019_08_01_16_30_01_847.jpg,C:\Users\cttc\Desktop\anu\IMG\right_2019_08_01_16_30_01_847.jpg,0,0,0,1.784974E-06
C:\Users\cttc\Desktop\anu\IMG\center_2019_08_01_16_30_01_978.jpg,C:\Users\cttc\Desktop\anu\IMG\left_2019_08_01_16_30_01_978.jpg,C:\Users\cttc\Desktop\anu\IMG\right_2019_08_01_16_30_01_978.jpg,0,0,0,2.461528E-05
C:\Users\cttc\Desktop\anu\IMG\center_2019_08_01_16_30_02_109.jpg,C:\Users\cttc\Desktop\anu\IMG\left_2019_08_01_16_30_02_109.jpg,C:\Users\cttc\Desktop\anu\IMG\right_2019_08_01_16_30_02_109.jpg,0,0,0,1.327664E-05
C:\Users\cttc\Desktop\anu\IMG\center_2019_08_01_16_30_02_176.jpg,C:\Users\cttc\Desktop\anu\IMG\left_2019_08_01_16_30_02_176.jpg,C:\Users\cttc\Desktop\anu\IMG\right_2019_08_01_16_30_02_176.jpg,0,0,0,9.628782E-06
C:\Users\cttc\Desktop\anu\IMG\center_2019_08_01_16_30_02_300.jpg,C:\Users\cttc\Desktop\anu\IMG\left_2019_08_01_16_30_02_300.jpg,C:\Users\cttc\Desktop\anu\IMG\right_2019_08_01_16_30_02_300.jpg,0,0,0,1.131395E-05
C:\Users\cttc\Desktop\anu\IMG\center_2019_08_01_16_30_02_429.jpg,C:\Users\cttc\Desktop\anu\IMG\left_2019_08_01_16_30_02_429.jpg,C:\Users\cttc\Desktop\anu\IMG\right_2019_08_01_16_30_02_429.jpg,0,0,0,4.124545E-07
C:\Users\cttc\Desktop\anu\IMG\center_2019_08_01_16_30_02_558.jpg,C:\Users\cttc\Desktop\anu\IMG\left_2019_08_01_16_30_02_558.jpg,C:\Users\cttc\Desktop\anu\IMG\right_2019_08_01_16_30_02_558.jpg,0,0,0,1.261502E-06
C:\Users\cttc\Desktop\anu\IMG\center_2019_08_01_16_30_02_685.jpg,C:\Users\cttc\Desktop\anu\IMG\left_2019_08_01_16_30_02_685.jpg,C:\Users\cttc\Desktop\anu\IMG\right_2019_08_01_16_30_02_685.jpg,0,0,0,7.823803E-07
C:\Users\cttc\Desktop\anu\IMG\center_2019_08_01_16_30_02_755.jpg,C:\Users\cttc\Desktop\anu\IMG\left_2019_08_01_16_30_02_755.jpg,C:\Users\cttc\Desktop\anu\IMG\right_2019_08_01_16_30_02_755.jpg,0,0,0,1.172092E-05
C:\Users\cttc\Desktop\anu\IMG\center_2019_08_01_16_30_02_879.jpg,C:\Users\cttc\Desktop\anu\IMG\left_2019_08_01_16_30_02_879.jpg,C:\Users\cttc\Desktop\anu\IMG\right_2019_08_01_16_30_02_879.jpg,0,0,0,1.669948E-05
C:\Users\cttc\Desktop\anu\IMG\center_2019_08_01_16_30_03_012.jpg,C:\Users\cttc\Desktop\anu\IMG\left_2019_08_01_16_30_03_012.jpg,C:\Users\cttc\Desktop\anu\IMG\right_2019_08_01_16_30_03_012.jpg,0,0,0,1.453423E-05
C:\Users\cttc\Desktop\anu\IMG\center_2019_08_01_16_30_03_136.jpg,C:\Users\cttc\Desktop\anu\IMG\left_2019_08_01_16_30_03_136.jpg,C:\Users\cttc\Desktop\anu\IMG\right_2019_08_01_16_30_03_136.jpg,0,0,0,8.2363E-07
C:\Users\cttc\Desktop\anu\IMG\center_2019_08_01_16_30_03_262.jpg,C:\Users\cttc\Desktop\anu\IMG\left_2019_08_01_16_30_03_262.jpg,C:\Users\cttc\Desktop\anu\IMG\right_2019_08_01_16_30_03_262.jpg,0,0,0,2.109251E-05
C:\Users\cttc\Desktop\anu\IMG\center_2019_08_01_16_30_03_391.jpg,C:\Users\cttc\Desktop\anu\IMG\left_2019_08_01_16_30_03_391.jpg,C:\Users\cttc\Desktop\anu\IMG\right_2019_08_01_16_30_03_391.jpg,0,0,0,5.07412E-06
C:\Users\cttc\Desktop\anu\IMG\center_2019_08_01_16_30_03_521.jpg,C:\Users\cttc\Desktop\anu\IMG\left_2019_08_01_16_30_03_521.jpg,C:\Users\cttc\Desktop\anu\IMG\right_2019_08_01_16_30_03_521.jpg,0,0,0,1.998029E-06
C:\Users\cttc\Desktop\anu\IMG\center_2019_08_01_16_30_03_646.jpg,C:\Users\cttc\Desktop\anu\IMG\left_2019_08_01_16_30_03_646.jpg,C:\Users\cttc\Desktop\anu\IMG\right_2019_08_01_16_30_03_646.jpg,0,0,0,2.391364E-05
C:\Users\cttc\Desktop\anu\IMG\center_2019_08_01_16_30_03_714.jpg,C:\Users\cttc\Desktop\anu\IMG\left_2019_08_01_16_30_03_714.jpg,C:\Users\cttc\Desktop\anu\IMG\right_2019_08_01_16_30_03_714.jpg,0,0,0,1.832639E-05
C:\Users\cttc\Desktop\anu\IMG\center_2019_08_01_16_30_03_837.jpg,C:\Users\cttc\Desktop\anu\IMG\left_2019_08_01_16_30_03_837.jpg,C:\Users\cttc\Desktop\anu\IMG\right_2019_08_01_16_30_03_837.jpg,0,0,0,2.294947E-05
C:\Users\cttc\Desktop\anu\IMG\center_2019_08_01_16_30_03_904.jpg,C:\Users\cttc\Desktop\anu\IMG\left_2019_08_01_16_30_03_904.jpg,C:\Users\cttc\Desktop\anu\IMG\right_2019_08_01_16_30_03_904.jpg,0,0,0,3.769961E-06
C:\Users\cttc\Desktop\anu\IMG\center_2019_08_01_16_30_04_033.jpg,C:\Users\cttc\Desktop\anu\IMG\left_2019_08_01_16_30_04_033.jpg,C:\Users\cttc\Desktop\anu\IMG\right_2019_08_01_16_30_04_033.jpg,0,0,0,3.373474E-06
C:\Users\cttc\Desktop\anu\IMG\center_2019_08_01_16_30_04_163.jpg,C:\Users\cttc\Desktop\anu\IMG\left_2019_08_01_16_30_04_163.jpg,C:\Users\cttc\Desktop\anu\IMG\right_2019_08_01_16_30_04_163.jpg,0,0,0,5.698801E-06
C:\Users\cttc\Desktop\anu\IMG\center_2019_08_01_16_30_04_294.jpg,C:\Users\cttc\Desktop\anu\IMG\left_2019_08_01_16_30_04_294.jpg,C:\Users\cttc\Desktop\anu\IMG\right_2019_08_01_16_30_04_294.jpg,0,0,0,1.015051E-05
C:\Users\cttc\Desktop\anu\IMG\center_2019_08_01_16_30_04_417.jpg,C:\Users\cttc\Desktop\anu\IMG\left_2019_08_01_16_30_04_417.jpg,C:\Users\cttc\Desktop\anu\IMG\right_2019_08_01_16_30_04_417.jpg,0,0,0,1.378091E-05
C:\Users\cttc\Desktop\anu\IMG\center_2019_08_01_16_30_04_549.jpg,C:\Users\cttc\Desktop\anu\IMG\left_2019_08_01_16_30_04_549.jpg,C:\Users\cttc\Desktop\anu\IMG\right_2019_08_01_16_30_04_549.jpg,0,0,0,3.083722E-05
C:\Users\cttc\Desktop\anu\IMG\center_2019_08_01_16_30_04_674.jpg,C:\Users\cttc\Desktop\anu\IMG\left_2019_08_01_16_30_04_674.jpg,C:\Users\cttc\Desktop\anu\IMG\right_2019_08_01_16_30_04_674.jpg,0,0,0,1.218556E-06
C:\Users\cttc\Desktop\anu\IMG\center_2019_08_01_16_30_04_803.jpg,C:\Users\cttc\Desktop\anu\IMG\left_2019_08_01_16_30_04_803.jpg,C:\Users\cttc\Desktop\anu\IMG\right_2019_08_01_16_30_04_803.jpg,0,0,0,2.520904E-05
C:\Users\cttc\Desktop\anu\IMG\center_2019_08_01_16_30_04_932.jpg,C:\Users\cttc\Desktop\anu\IMG\left_2019_08_01_16_30_04_932.jpg,C:\Users\cttc\Desktop\anu\IMG\right_2019_08_01_16_30_04_932.jpg,0,0,0,6.792353E-06
C:\Users\cttc\Desktop\anu\IMG\center_2019_08_01_16_30_05_060.jpg,C:\Users\cttc\Desktop\anu\IMG\left_2019_08_01_16_30_05_060.jpg,C:\Users\cttc\Desktop\anu\IMG\right_2019_08_01_16_30_05_060.jpg,0,0,0,1.258647E-05
C:\Users\cttc\Desktop\anu\IMG\center_2019_08_01_16_30_05_187.jpg,C:\Users\cttc\Desktop\anu\IMG\left_2019_08_01_16_30_05_187.jpg,C:\Users\cttc\Desktop\anu\IMG\right_2019_08_01_16_30_05_187.jpg,0,0,0,7.034818E-06
C:\Users\cttc\Desktop\anu\IMG\center_2019_08_01_16_30_05_317.jpg,C:\Users\cttc\Desktop\anu\IMG\left_2019_08_01_16_30_05_317.jpg,C:\Users\cttc\Desktop\anu\IMG\right_2019_08_01_16_30_05_317.jpg,0,0,0,6.524567E-06
C:\Users\cttc\Desktop\anu\IMG\center_2019_08_01_16_30_05_441.jpg,C:\Users\cttc\Desktop\anu\IMG\left_2019_08_01_16_30_05_441.jpg,C:\Users\cttc\Desktop\anu\IMG\right_2019_08_01_16_30_05_441.jpg,0,0,0,3.668373E-06
C:\Users\cttc\Desktop\anu\IMG\center_2019_08_01_16_30_05_568.jpg,C:\Users\cttc\Desktop\anu\IMG\left_2019_08_01_16_30_05_568.jpg,C:\Users\cttc\Desktop\anu\IMG\right_2019_08_01_16_30_05_568.jpg,0,0,0,3.868701E-06
C:\Users\cttc\Desktop\anu\IMG\center_2019_08_01_16_30_05_697.jpg,C:\Users\cttc\Desktop\anu\IMG\left_2019_08_01_16_30_05_697.jpg,C:\Users\cttc\Desktop\anu\IMG\right_2019_08_01_16_30_05_697.jpg,0,0,0,1.117843E-05
C:\Users\cttc\Desktop\anu\IMG\center_2019_08_01_16_30_05_825.jpg,C:\Users\cttc\Desktop\anu\IMG\left_2019_08_01_16_30_05_825.jpg,C:\Users\cttc\Desktop\anu\IMG\right_2019_08_01_16_30_05_825.jpg,0,0,0,2.877567E-06
C:\Users\cttc\Desktop\anu\IMG\center_2019_08_01_16_30_05_953.jpg,C:\Users\cttc\Desktop\anu\IMG\left_2019_08_01_16_30_05_953.jpg,C:\Users\cttc\Desktop\anu\IMG\right_2019_08_01_16_30_05_953.jpg,0,0,0,6.492203E-06
C:\Users\cttc\Desktop\anu\IMG\center_2019_08_01_16_30_06_080.jpg,C:\Users\cttc\Desktop\anu\IMG\left_2019_08_01_16_30_06_080.jpg,C:\Users\cttc\Desktop\anu\IMG\right_2019_08_01_16_30_06_080.jpg,0,0,0,8.68686E-06
C:\Users\cttc\Desktop\anu\IMG\center_2019_08_01_16_30_06_147.jpg,C:\Users\cttc\Desktop\anu\IMG\left_2019_08_01_16_30_06_147.jpg,C:\Users\cttc\Desktop\anu\IMG\right_2019_08_01_16_30_06_147.jpg,0,0,0,7.323433E-06
C:\Users\cttc\Desktop\anu\IMG\center_2019_08_01_16_30_06_215.jpg,C:\Users\cttc\Desktop\anu\IMG\left_2019_08_01_16_30_06_215.jpg,C:\Users\cttc\Desktop\anu\IMG\right_2019_08_01_16_30_06_215.jpg,0,0,0,9.184229E-06
C:\Users\cttc\Desktop\anu\IMG\center_2019_08_01_16_30_06_338.jpg,C:\Users\cttc\Desktop\anu\IMG\left_2019_08_01_16_30_06_338.jpg,C:\Users\cttc\Desktop\anu\IMG\right_2019_08_01_16_30_06_338.jpg,0,0,0,9.289432E-06
C:\Users\cttc\Desktop\anu\IMG\center_2019_08_01_16_30_06_476.jpg,C:\Users\cttc\Desktop\anu\IMG\left_2019_08_01_16_30_06_476.jpg,C:\Users\cttc\Desktop\anu\IMG\right_2019_08_01_16_30_06_476.jpg,0,0.2056413,0,0.2034549
C:\Users\cttc\Desktop\anu\IMG\center_2019_08_01_16_30_06_602.jpg,C:\Users\cttc\Desktop\anu\IMG\left_2019_08_01_16_30_06_602.jpg,C:\Users\cttc\Desktop\anu\IMG\right_2019_08_01_16_30_06_602.jpg,0,0.580613,0,0.8567732
C:\Users\cttc\Desktop\anu\IMG\center_2019_08_01_16_30_06_732.jpg,C:\Users\cttc\Desktop\anu\IMG\left_2019_08_01_16_30_06_732.jpg,C:\Users\cttc\Desktop\anu\IMG\right_2019_08_01_16_30_06_732.jpg,0,0.9706059,0,1.993302
C:\Users\cttc\Desktop\anu\IMG\center_2019_08_01_16_30_06_856.jpg,C:\Users\cttc\Desktop\anu\IMG\left_2019_08_01_16_30_06_856.jpg,C:\Users\cttc\Desktop\anu\IMG\right_2019_08_01_16_30_06_856.jpg,0,1,0,3.576605
C:\Users\cttc\Desktop\anu\IMG\center_2019_08_01_16_30_06_980.jpg,C:\Users\cttc\Desktop\anu\IMG\left_2019_08_01_16_30_06_980.jpg,C:\Users\cttc\Desktop\anu\IMG\right_2019_08_01_16_30_06_980.jpg,0,1,0,4.979535
C:\Users\cttc\Desktop\anu\IMG\center_2019_08_01_16_30_07_048.jpg,C:\Users\cttc\Desktop\anu\IMG\left_2019_08_01_16_30_07_048.jpg,C:\Users\cttc\Desktop\anu\IMG\right_2019_08_01_16_30_07_048.jpg,0,1,0,5.674622
C:\Users\cttc\Desktop\anu\IMG\center_2019_08_01_16_30_07_175.jpg,C:\Users\cttc\Desktop\anu\IMG\left_2019_08_01_16_30_07_175.jpg,C:\Users\cttc\Desktop\anu\IMG\right_2019_08_01_16_30_07_175.jpg,0,1,0,7.280829
C:\Users\cttc\Desktop\anu\IMG\center_2019_08_01_16_30_07_242.jpg,C:\Users\cttc\Desktop\anu\IMG\left_2019_08_01_16_30_07_242.jpg,C:\Users\cttc\Desktop\anu\IMG\right_2019_08_01_16_30_07_242.jpg,0,1,0,7.962522
C:\Users\cttc\Desktop\anu\IMG\center_2019_08_01_16_30_07_367.jpg,C:\Users\cttc\Desktop\anu\IMG\left_2019_08_01_16_30_07_367.jpg,C:\Users\cttc\Desktop\anu\IMG\right_2019_08_01_16_30_07_367.jpg,-0.3,1,0,9.28912
C:\Users\cttc\Desktop\anu\IMG\center_2019_08_01_16_30_07_498.jpg,C:\Users\cttc\Desktop\anu\IMG\left_2019_08_01_16_30_07_498.jpg,C:\Users\cttc\Desktop\anu\IMG\right_2019_08_01_16_30_07_498.jpg,-0.6500001,1,0,10.73589
C:\Users\cttc\Desktop\anu\IMG\center_2019_08_01_16_30_07_566.jpg,C:\Users\cttc\Desktop\anu\IMG\left_2019_08_01_16_30_07_566.jpg,C:\Users\cttc\Desktop\anu\IMG\right_2019_08_01_16_30_07_566.jpg,-0.8000001,1,0,11.31692
C:\Users\cttc\Desktop\anu\IMG\center_2019_08_01_16_30_07_696.jpg,C:\Users\cttc\Desktop\anu\IMG\left_2019_08_01_16_30_07_696.jpg,C:\Users\cttc\Desktop\anu\IMG\right_2019_08_01_16_30_07_696.jpg,0,1,0,12.51158
C:\Users\cttc\Desktop\anu\IMG\center_2019_08_01_16_30_07_828.jpg,C:\Users\cttc\Desktop\anu\IMG\left_2019_08_01_16_30_07_828.jpg,C:\Users\cttc\Desktop\anu\IMG\right_2019_08_01_16_30_07_828.jpg,-0.3,1,0,13.91099
C:\Users\cttc\Desktop\anu\IMG\center_2019_08_01_16_30_07_954.jpg,C:\Users\cttc\Desktop\anu\IMG\left_2019_08_01_16_30_07_954.jpg,C:\Users\cttc\Desktop\anu\IMG\right_2019_08_01_16_30_07_954.jpg,-0.6500001,1,0,15.37745
C:\Users\cttc\Desktop\anu\IMG\center_2019_08_01_16_30_08_085.jpg,C:\Users\cttc\Desktop\anu\IMG\left_2019_08_01_16_30_08_085.jpg,C:\Users\cttc\Desktop\anu\IMG\right_2019_08_01_16_30_08_085.jpg,0,1,0,16.44212
C:\Users\cttc\Desktop\anu\IMG\center_2019_08_01_16_30_08_153.jpg,C:\Users\cttc\Desktop\anu\IMG\left_2019_08_01_16_30_08_153.jpg,C:\Users\cttc\Desktop\anu\IMG\right_2019_08_01_16_30_08_153.jpg,0,1,0,17.19832
C:\Users\cttc\Desktop\anu\IMG\center_2019_08_01_16_30_08_283.jpg,C:\Users\cttc\Desktop\anu\IMG\left_2019_08_01_16_30_08_283.jpg,C:\Users\cttc\Desktop\anu\IMG\right_2019_08_01_16_30_08_283.jpg,0,1,0,18.44107
C:\Users\cttc\Desktop\anu\IMG\center_2019_08_01_16_30_08_350.jpg,C:\Users\cttc\Desktop\anu\IMG\left_2019_08_01_16_30_08_350.jpg,C:\Users\cttc\Desktop\anu\IMG\right_2019_08_01_16_30_08_350.jpg,0,1,0,19.2652
C:\Users\cttc\Desktop\anu\IMG\center_2019_08_01_16_30_08_479.jpg,C:\Users\cttc\Desktop\anu\IMG\left_2019_08_01_16_30_08_479.jpg,C:\Users\cttc\Desktop\anu\IMG\right_2019_08_01_16_30_08_479.jpg,-0.15,1,0,20.47959
C:\Users\cttc\Desktop\anu\IMG\center_2019_08_01_16_30_08_613.jpg,C:\Users\cttc\Desktop\anu\IMG\left_2019_08_01_16_30_08_613.jpg,C:\Users\cttc\Desktop\anu\IMG\right_2019_08_01_16_30_08_613.jpg,0,1,0,21.84462
C:\Users\cttc\Desktop\anu\IMG\center_2019_08_01_16_30_08_740.jpg,C:\Users\cttc\Desktop\anu\IMG\left_2019_08_01_16_30_08_740.jpg,C:\Users\cttc\Desktop\anu\IMG\right_2019_08_01_16_30_08_740.jpg,0,1,0,23.02808
C:\Users\cttc\Desktop\anu\IMG\center_2019_08_01_16_30_08_867.jpg,C:\Users\cttc\Desktop\anu\IMG\left_2019_08_01_16_30_08_867.jpg,C:\Users\cttc\Desktop\anu\IMG\right_2019_08_01_16_30_08_867.jpg,0,1,0,24.19671
C:\Users\cttc\Desktop\anu\IMG\center_2019_08_01_16_30_08_995.jpg,C:\Users\cttc\Desktop\anu\IMG\left_2019_08_01_16_30_08_995.jpg,C:\Users\cttc\Desktop\anu\IMG\right_2019_08_01_16_30_08_995.jpg,-0.35,1,0,25.47363
C:\Users\cttc\Desktop\anu\IMG\center_2019_08_01_16_30_09_126.jpg,C:\Users\cttc\Desktop\anu\IMG\left_2019_08_01_16_30_09_126.jpg,C:\Users\cttc\Desktop\anu\IMG\right_2019_08_01_16_30_09_126.jpg,-0.6500001,1,0,26.37064
C:\Users\cttc\Desktop\anu\IMG\center_2019_08_01_16_30_09_254.jpg,C:\Users\cttc\Desktop\anu\IMG\left_2019_08_01_16_30_09_254.jpg,C:\Users\cttc\Desktop\anu\IMG\right_2019_08_01_16_30_09_254.jpg,0,1,0,27.6282
C:\Users\cttc\Desktop\anu\IMG\center_2019_08_01_16_30_09_383.jpg,C:\Users\cttc\Desktop\anu\IMG\left_2019_08_01_16_30_09_383.jpg,C:\Users\cttc\Desktop\anu\IMG\right_2019_08_01_16_30_09_383.jpg,-0.15,1,0,28.7373
C:\Users\cttc\Desktop\anu\IMG\center_2019_08_01_16_30_09_514.jpg,C:\Users\cttc\Desktop\anu\IMG\left_2019_08_01_16_30_09_514.jpg,C:\Users\cttc\Desktop\anu\IMG\right_2019_08_01_16_30_09_514.jpg,-0.5000001,0.6119766,0,29.46808
C:\Users\cttc\Desktop\anu\IMG\center_2019_08_01_16_30_09_642.jpg,C:\Users\cttc\Desktop\anu\IMG\left_2019_08_01_16_30_09_642.jpg,C:\Users\cttc\Desktop\anu\IMG\right_2019_08_01_16_30_09_642.jpg,-0.8000001,0.608094,0,29.77439
C:\Users\cttc\Desktop\anu\IMG\center_2019_08_01_16_30_09_743.jpg,C:\Users\cttc\Desktop\anu\IMG\left_2019_08_01_16_30_09_743.jpg,C:\Users\cttc\Desktop\anu\IMG\right_2019_08_01_16_30_09_743.jpg,0,0.305764,0,29.81884
C:\Users\cttc\Desktop\anu\IMG\center_2019_08_01_16_30_09_832.jpg,C:\Users\cttc\Desktop\anu\IMG\left_2019_08_01_16_30_09_832.jpg,C:\Users\cttc\Desktop\anu\IMG\right_2019_08_01_16_30_09_832.jpg,0,0.0365801,0,29.69054
C:\Users\cttc\Desktop\anu\IMG\center_2019_08_01_16_30_09_961.jpg,C:\Users\cttc\Desktop\anu\IMG\left_2019_08_01_16_30_09_961.jpg,C:\Users\cttc\Desktop\anu\IMG\right_2019_08_01_16_30_09_961.jpg,-0.15,0.4213915,0,29.72987
C:\Users\cttc\Desktop\anu\IMG\center_2019_08_01_16_30_10_090.jpg,C:\Users\cttc\Desktop\anu\IMG\left_2019_08_01_16_30_10_090.jpg,C:\Users\cttc\Desktop\anu\IMG\right_2019_08_01_16_30_10_090.jpg,0,0.03918451,0,29.54062
C:\Users\cttc\Desktop\anu\IMG\center_2019_08_01_16_30_10_328.jpg,C:\Users\cttc\Desktop\anu\IMG\left_2019_08_01_16_30_10_328.jpg,C:\Users\cttc\Desktop\anu\IMG\right_2019_08_01_16_30_10_328.jpg,0,0,0,28.89783
C:\Users\cttc\Desktop\anu\IMG\center_2019_08_01_16_30_10_404.jpg,C:\Users\cttc\Desktop\anu\IMG\left_2019_08_01_16_30_10_404.jpg,C:\Users\cttc\Desktop\anu\IMG\right_2019_08_01_16_30_10_404.jpg,0,0,0,28.66494
C:\Users\cttc\Desktop\anu\IMG\center_2019_08_01_16_30_10_528.jpg,C:\Users\cttc\Desktop\anu\IMG\left_2019_08_01_16_30_10_528.jpg,C:\Users\cttc\Desktop\anu\IMG\right_2019_08_01_16_30_10_528.jpg,0,0,0,28.31867
C:\Users\cttc\Desktop\anu\IMG\center_2019_08_01_16_30_10_659.jpg,C:\Users\cttc\Desktop\anu\IMG\left_2019_08_01_16_30_10_659.jpg,C:\Users\cttc\Desktop\anu\IMG\right_2019_08_01_16_30_10_659.jpg,0,0,0,27.92028
C:\Users\cttc\Desktop\anu\IMG\center_2019_08_01_16_30_10_783.jpg,C:\Users\cttc\Desktop\anu\IMG\left_2019_08_01_16_30_10_783.jpg,C:\Users\cttc\Desktop\anu\IMG\right_2019_08_01_16_30_10_783.jpg,0,0,0,27.58325
C:\Users\cttc\Desktop\anu\IMG\center_2019_08_01_16_30_10_911.jpg,C:\Users\cttc\Desktop\anu\IMG\left_2019_08_01_16_30_10_911.jpg,C:\Users\cttc\Desktop\anu\IMG\right_2019_08_01_16_30_10_911.jpg,0,0,0,27.19516
C:\Users\cttc\Desktop\anu\IMG\center_2019_08_01_16_30_11_039.jpg,C:\Users\cttc\Desktop\anu\IMG\left_2019_08_01_16_30_11_039.jpg,C:\Users\cttc\Desktop\anu\IMG\right_2019_08_01_16_30_11_039.jpg,0,0,0,26.86749
C:\Users\cttc\Desktop\anu\IMG\center_2019_08_01_16_30_11_167.jpg,C:\Users\cttc\Desktop\anu\IMG\left_2019_08_01_16_30_11_167.jpg,C:\Users\cttc\Desktop\anu\IMG\right_2019_08_01_16_30_11_167.jpg,0,0,0,26.54486
C:\Users\cttc\Desktop\anu\IMG\center_2019_08_01_16_30_11_297.jpg,C:\Users\cttc\Desktop\anu\IMG\left_2019_08_01_16_30_11_297.jpg,C:\Users\cttc\Desktop\anu\IMG\right_2019_08_01_16_30_11_297.jpg,0,0,0,26.17385
C:\Users\cttc\Desktop\anu\IMG\center_2019_08_01_16_30_11_423.jpg,C:\Users\cttc\Desktop\anu\IMG\left_2019_08_01_16_30_11_423.jpg,C:\Users\cttc\Desktop\anu\IMG\right_2019_08_01_16_30_11_423.jpg,0,0,0,25.86073
C:\Users\cttc\Desktop\anu\IMG\center_2019_08_01_16_30_11_552.jpg,C:\Users\cttc\Desktop\anu\IMG\left_2019_08_01_16_30_11_552.jpg,C:\Users\cttc\Desktop\anu\IMG\right_2019_08_01_16_30_11_552.jpg,0,0,0,25.49917
C:\Users\cttc\Desktop\anu\IMG\center_2019_08_01_16_30_11_681.jpg,C:\Users\cttc\Desktop\anu\IMG\left_2019_08_01_16_30_11_681.jpg,C:\Users\cttc\Desktop\anu\IMG\right_2019_08_01_16_30_11_681.jpg,0,0,0,25.1931
C:\Users\cttc\Desktop\anu\IMG\center_2019_08_01_16_30_11_810.jpg,C:\Users\cttc\Desktop\anu\IMG\left_2019_08_01_16_30_11_810.jpg,C:\Users\cttc\Desktop\anu\IMG\right_2019_08_01_16_30_11_810.jpg,0,0,0,24.83992
C:\Users\cttc\Desktop\anu\IMG\center_2019_08_01_16_30_11_938.jpg,C:\Users\cttc\Desktop\anu\IMG\left_2019_08_01_16_30_11_938.jpg,C:\Users\cttc\Desktop\anu\IMG\right_2019_08_01_16_30_11_938.jpg,0,0,0,24.54096
C:\Users\cttc\Desktop\anu\IMG\center_2019_08_01_16_30_12_069.jpg,C:\Users\cttc\Desktop\anu\IMG\left_2019_08_01_16_30_12_069.jpg,C:\Users\cttc\Desktop\anu\IMG\right_2019_08_01_16_30_12_069.jpg,0,0,0,24.24564
